<?xml version="1.0" encoding="UTF-8" ?>
<module>
    <name>packetery</name>
    <displayName><![CDATA[Z&aacute;silkovna]]></displayName>
    <version><![CDATA[2.1.3]]></version>
    <description><![CDATA[Vyzved&aacute;vac&iacute; body Packetery, export objedn&aacute;vek a tisk &scaron;t&iacute;tků pro přepravu]]></description>
    <author><![CDATA[Packetery a.s.]]></author>
    <tab><![CDATA[shipping_logistics]]></tab>
    <is_configurable>1</is_configurable>
    <need_instance>0</need_instance>
	<limited_countries></limited_countries>
</module>