<?xml version="1.0" encoding="UTF-8" ?><export
        xmlns="http://www.zasilkovna.cz/api/v3/branch"
        xmlns:ns="http://www.zasilkovna.cz/api/v3/branch"
        xmlns:xsi="http://www.w3.org/2001/XMLSchema-instance"
        xsi:schemaLocation="http://www.zasilkovna.cz/api/v3/branch http://www.zasilkovna.cz/api/v3/branch.xsd">
  <contacts>
    <contact>
      <country>cz</country>
      <phone>+420 216 216 516</phone>
      <email>praha@zasilkovna.cz</email>
      <businessHours>Po-Pá 08:00 – 18:00 hod.</businessHours>
    </contact>
    <contact>
      <country>sk</country>
      <phone>+421 221 201 135</phone>
      <email>bratislava@zasielkovna.sk</email>
      <businessHours>Po-Pi 9:00 – 18:00 hod.</businessHours>
    </contact>
  </contacts>
    <branches>
    <branch>
      <id>80</id>
      <name>Rakouská pošta</name>
      <nameStreet>Rakouská pošta</nameStreet>
      <place></place>
      <street></street>
      <city></city>
      <zip>000 00</zip>
      <country>at</country>
      <currency>EUR</currency>
      <exportedUntil>2017-10-18</exportedUntil>
      <wheelchairAccessible>no</wheelchairAccessible>
      <latitude>0.00000</latitude>
      <longitude>0.00000</longitude>
      <url></url>
      <dressingRoom>0</dressingRoom>
      <claimAssistant>0</claimAssistant>
      <packetConsignment>0</packetConsignment>
      <maxWeight>5</maxWeight>
      <region>Österreich</region>
      <district></district>
      <labelRouting>A-***-080</labelRouting>
      <labelName>Rakouská pošta</labelName>
      <photos>
        <photo>
          <thumbnail>https://www.zasielkovna.sk/images/branch/thumb/stub.jpg</thumbnail>
          <normal>https://www.zasielkovna.sk/images/branch/normal/stub.jpg</normal>
        </photo>
      </photos>
      <openingHours>
        <compactShort></compactShort>
        <compactLong></compactLong>
        <tableLong>&lt;table class='packetery-hours'&gt;&lt;tr&gt;&lt;th&gt;Mo&lt;/th&gt;&lt;td&gt;&lt;/td&gt;&lt;/tr&gt;
&lt;tr&gt;&lt;th&gt;Di&lt;/th&gt;&lt;td&gt;&lt;/td&gt;&lt;/tr&gt;
&lt;tr&gt;&lt;th&gt;Mi&lt;/th&gt;&lt;td&gt;&lt;/td&gt;&lt;/tr&gt;
&lt;tr&gt;&lt;th&gt;Do&lt;/th&gt;&lt;td&gt;&lt;/td&gt;&lt;/tr&gt;
&lt;tr&gt;&lt;th&gt;Fr&lt;/th&gt;&lt;td&gt;&lt;/td&gt;&lt;/tr&gt;
&lt;tr&gt;&lt;th&gt;Sa&lt;/th&gt;&lt;td&gt;&lt;/td&gt;&lt;/tr&gt;
&lt;tr&gt;&lt;th&gt;So&lt;/th&gt;&lt;td&gt;&lt;/td&gt;&lt;/tr&gt;&lt;/table&gt;</tableLong>
        <regular>
          <monday></monday>
          <tuesday></tuesday>
          <wednesday></wednesday>
          <thursday></thursday>
          <friday></friday>
          <saturday></saturday>
          <sunday></sunday>
        </regular>
        <exceptions />
      </openingHours>
    </branch>
    <branch>
      <id>1234</id>
      <name>Bulharsko DPD</name>
      <nameStreet>Bulharsko DPD</nameStreet>
      <place></place>
      <street></street>
      <city></city>
      <zip>000 00</zip>
      <country>bg</country>
      <currency>BGN</currency>
      <exportedUntil>2017-10-18</exportedUntil>
      <wheelchairAccessible>no</wheelchairAccessible>
      <latitude>0.00000</latitude>
      <longitude>0.00000</longitude>
      <url></url>
      <dressingRoom>0</dressingRoom>
      <claimAssistant>0</claimAssistant>
      <packetConsignment>0</packetConsignment>
      <maxWeight>5</maxWeight>
      <region>България</region>
      <district></district>
      <labelRouting>U-***-1234</labelRouting>
      <labelName>Bulharsko DPD</labelName>
      <photos>
        <photo>
          <thumbnail>https://www.zasielkovna.sk/images/branch/thumb/stub.jpg</thumbnail>
          <normal>https://www.zasielkovna.sk/images/branch/normal/stub.jpg</normal>
        </photo>
      </photos>
      <openingHours>
        <compactShort></compactShort>
        <compactLong></compactLong>
        <tableLong>&lt;table class='packetery-hours'&gt;&lt;tr&gt;&lt;th&gt;пн&lt;/th&gt;&lt;td&gt;&lt;/td&gt;&lt;/tr&gt;
&lt;tr&gt;&lt;th&gt;вт&lt;/th&gt;&lt;td&gt;&lt;/td&gt;&lt;/tr&gt;
&lt;tr&gt;&lt;th&gt;ср&lt;/th&gt;&lt;td&gt;&lt;/td&gt;&lt;/tr&gt;
&lt;tr&gt;&lt;th&gt;чт&lt;/th&gt;&lt;td&gt;&lt;/td&gt;&lt;/tr&gt;
&lt;tr&gt;&lt;th&gt;пт&lt;/th&gt;&lt;td&gt;&lt;/td&gt;&lt;/tr&gt;
&lt;tr&gt;&lt;th&gt;сб&lt;/th&gt;&lt;td&gt;&lt;/td&gt;&lt;/tr&gt;
&lt;tr&gt;&lt;th&gt;нд&lt;/th&gt;&lt;td&gt;&lt;/td&gt;&lt;/tr&gt;&lt;/table&gt;</tableLong>
        <regular>
          <monday></monday>
          <tuesday></tuesday>
          <wednesday></wednesday>
          <thursday></thursday>
          <friday></friday>
          <saturday></saturday>
          <sunday></sunday>
        </regular>
        <exceptions />
      </openingHours>
    </branch>
    <branch>
      <id>13</id>
      <name>Česká pošta</name>
      <nameStreet>Česká pošta</nameStreet>
      <place></place>
      <street></street>
      <city></city>
      <zip>000 00</zip>
      <country>cz</country>
      <currency>CZK</currency>
      <exportedUntil>2017-10-18</exportedUntil>
      <wheelchairAccessible>no</wheelchairAccessible>
      <latitude>0.00000</latitude>
      <longitude>0.00000</longitude>
      <url>https://www.zasilkovna.cz/pobocky/ceska-posta</url>
      <dressingRoom>0</dressingRoom>
      <claimAssistant>0</claimAssistant>
      <packetConsignment>0</packetConsignment>
      <maxWeight>10</maxWeight>
      <region>Česká republika</region>
      <district></district>
      <labelRouting>A-***-013</labelRouting>
      <labelName>Česká pošta</labelName>
      <photos>
        <photo>
          <thumbnail>https://www.zasilkovna.cz/images/branch/thumb/stub.jpg</thumbnail>
          <normal>https://www.zasilkovna.cz/images/branch/normal/stub.jpg</normal>
        </photo>
      </photos>
      <openingHours>
        <compactShort></compactShort>
        <compactLong></compactLong>
        <tableLong>&lt;table class='packetery-hours'&gt;&lt;tr&gt;&lt;th&gt;Po&lt;/th&gt;&lt;td&gt;&lt;/td&gt;&lt;/tr&gt;
&lt;tr&gt;&lt;th&gt;Út&lt;/th&gt;&lt;td&gt;&lt;/td&gt;&lt;/tr&gt;
&lt;tr&gt;&lt;th&gt;St&lt;/th&gt;&lt;td&gt;&lt;/td&gt;&lt;/tr&gt;
&lt;tr&gt;&lt;th&gt;Čt&lt;/th&gt;&lt;td&gt;&lt;/td&gt;&lt;/tr&gt;
&lt;tr&gt;&lt;th&gt;Pá&lt;/th&gt;&lt;td&gt;&lt;/td&gt;&lt;/tr&gt;
&lt;tr&gt;&lt;th&gt;So&lt;/th&gt;&lt;td&gt;&lt;/td&gt;&lt;/tr&gt;
&lt;tr&gt;&lt;th&gt;Ne&lt;/th&gt;&lt;td&gt;&lt;/td&gt;&lt;/tr&gt;&lt;/table&gt;</tableLong>
        <regular>
          <monday></monday>
          <tuesday></tuesday>
          <wednesday></wednesday>
          <thursday></thursday>
          <friday></friday>
          <saturday></saturday>
          <sunday></sunday>
        </regular>
        <exceptions />
      </openingHours>
    </branch>
    <branch>
      <id>633</id>
      <name>Česká republika DPD</name>
      <nameStreet>Česká republika DPD</nameStreet>
      <place></place>
      <street></street>
      <city></city>
      <zip>000 00</zip>
      <country>cz</country>
      <currency>CZK</currency>
      <exportedUntil>2017-10-18</exportedUntil>
      <wheelchairAccessible>no</wheelchairAccessible>
      <latitude>0.00000</latitude>
      <longitude>0.00000</longitude>
      <url>https://www.zasilkovna.cz/pobocky/ceska-republika-dpd</url>
      <dressingRoom>0</dressingRoom>
      <claimAssistant>0</claimAssistant>
      <packetConsignment>0</packetConsignment>
      <maxWeight>5</maxWeight>
      <region>Česká republika</region>
      <district></district>
      <labelRouting>A-***-633</labelRouting>
      <labelName>Česká republika DPD</labelName>
      <photos>
        <photo>
          <thumbnail>https://www.zasilkovna.cz/images/branch/thumb/stub.jpg</thumbnail>
          <normal>https://www.zasilkovna.cz/images/branch/normal/stub.jpg</normal>
        </photo>
      </photos>
      <openingHours>
        <compactShort></compactShort>
        <compactLong></compactLong>
        <tableLong>&lt;table class='packetery-hours'&gt;&lt;tr&gt;&lt;th&gt;Po&lt;/th&gt;&lt;td&gt;&lt;/td&gt;&lt;/tr&gt;
&lt;tr&gt;&lt;th&gt;Út&lt;/th&gt;&lt;td&gt;&lt;/td&gt;&lt;/tr&gt;
&lt;tr&gt;&lt;th&gt;St&lt;/th&gt;&lt;td&gt;&lt;/td&gt;&lt;/tr&gt;
&lt;tr&gt;&lt;th&gt;Čt&lt;/th&gt;&lt;td&gt;&lt;/td&gt;&lt;/tr&gt;
&lt;tr&gt;&lt;th&gt;Pá&lt;/th&gt;&lt;td&gt;&lt;/td&gt;&lt;/tr&gt;
&lt;tr&gt;&lt;th&gt;So&lt;/th&gt;&lt;td&gt;&lt;/td&gt;&lt;/tr&gt;
&lt;tr&gt;&lt;th&gt;Ne&lt;/th&gt;&lt;td&gt;&lt;/td&gt;&lt;/tr&gt;&lt;/table&gt;</tableLong>
        <regular>
          <monday></monday>
          <tuesday></tuesday>
          <wednesday></wednesday>
          <thursday></thursday>
          <friday></friday>
          <saturday></saturday>
          <sunday></sunday>
        </regular>
        <exceptions />
      </openingHours>
    </branch>
    <branch>
      <id>153</id>
      <name>Česká republika InTime</name>
      <nameStreet>Česká republika InTime</nameStreet>
      <place></place>
      <street></street>
      <city></city>
      <zip>000 00</zip>
      <country>cz</country>
      <currency>CZK</currency>
      <exportedUntil>2017-10-18</exportedUntil>
      <wheelchairAccessible>no</wheelchairAccessible>
      <latitude>0.00000</latitude>
      <longitude>0.00000</longitude>
      <url>https://www.zasilkovna.cz/pobocky/ceska-republika-in-time</url>
      <dressingRoom>0</dressingRoom>
      <claimAssistant>0</claimAssistant>
      <packetConsignment>0</packetConsignment>
      <maxWeight>5</maxWeight>
      <region>Česká republika</region>
      <district></district>
      <labelRouting>@-***-153</labelRouting>
      <labelName>Česká republika InTime</labelName>
      <photos>
        <photo>
          <thumbnail>https://www.zasilkovna.cz/images/branch/thumb/stub.jpg</thumbnail>
          <normal>https://www.zasilkovna.cz/images/branch/normal/stub.jpg</normal>
        </photo>
      </photos>
      <openingHours>
        <compactShort></compactShort>
        <compactLong></compactLong>
        <tableLong>&lt;table class='packetery-hours'&gt;&lt;tr&gt;&lt;th&gt;Po&lt;/th&gt;&lt;td&gt;&lt;/td&gt;&lt;/tr&gt;
&lt;tr&gt;&lt;th&gt;Út&lt;/th&gt;&lt;td&gt;&lt;/td&gt;&lt;/tr&gt;
&lt;tr&gt;&lt;th&gt;St&lt;/th&gt;&lt;td&gt;&lt;/td&gt;&lt;/tr&gt;
&lt;tr&gt;&lt;th&gt;Čt&lt;/th&gt;&lt;td&gt;&lt;/td&gt;&lt;/tr&gt;
&lt;tr&gt;&lt;th&gt;Pá&lt;/th&gt;&lt;td&gt;&lt;/td&gt;&lt;/tr&gt;
&lt;tr&gt;&lt;th&gt;So&lt;/th&gt;&lt;td&gt;&lt;/td&gt;&lt;/tr&gt;
&lt;tr&gt;&lt;th&gt;Ne&lt;/th&gt;&lt;td&gt;&lt;/td&gt;&lt;/tr&gt;&lt;/table&gt;</tableLong>
        <regular>
          <monday></monday>
          <tuesday></tuesday>
          <wednesday></wednesday>
          <thursday></thursday>
          <friday></friday>
          <saturday></saturday>
          <sunday></sunday>
        </regular>
        <exceptions />
      </openingHours>
    </branch>
    <branch>
      <id>136</id>
      <name>Expresní doručení Brno</name>
      <nameStreet>Expresní doručení Brno</nameStreet>
      <place></place>
      <street></street>
      <city></city>
      <zip>000 00</zip>
      <country>cz</country>
      <currency>CZK</currency>
      <exportedUntil>2017-10-18</exportedUntil>
      <wheelchairAccessible>no</wheelchairAccessible>
      <latitude>0.00000</latitude>
      <longitude>0.00000</longitude>
      <url>https://www.zasilkovna.cz/pobocky/expresni-doruceni-brno</url>
      <dressingRoom>0</dressingRoom>
      <claimAssistant>0</claimAssistant>
      <packetConsignment>0</packetConsignment>
      <maxWeight>5</maxWeight>
      <region>Česká republika</region>
      <district></district>
      <labelRouting>B-***-136</labelRouting>
      <labelName>Expresní doručení Brno</labelName>
      <photos>
        <photo>
          <thumbnail>https://www.zasilkovna.cz/images/branch/thumb/stub.jpg</thumbnail>
          <normal>https://www.zasilkovna.cz/images/branch/normal/stub.jpg</normal>
        </photo>
      </photos>
      <openingHours>
        <compactShort></compactShort>
        <compactLong></compactLong>
        <tableLong>&lt;table class='packetery-hours'&gt;&lt;tr&gt;&lt;th&gt;Po&lt;/th&gt;&lt;td&gt;&lt;/td&gt;&lt;/tr&gt;
&lt;tr&gt;&lt;th&gt;Út&lt;/th&gt;&lt;td&gt;&lt;/td&gt;&lt;/tr&gt;
&lt;tr&gt;&lt;th&gt;St&lt;/th&gt;&lt;td&gt;&lt;/td&gt;&lt;/tr&gt;
&lt;tr&gt;&lt;th&gt;Čt&lt;/th&gt;&lt;td&gt;&lt;/td&gt;&lt;/tr&gt;
&lt;tr&gt;&lt;th&gt;Pá&lt;/th&gt;&lt;td&gt;&lt;/td&gt;&lt;/tr&gt;
&lt;tr&gt;&lt;th&gt;So&lt;/th&gt;&lt;td&gt;&lt;/td&gt;&lt;/tr&gt;
&lt;tr&gt;&lt;th&gt;Ne&lt;/th&gt;&lt;td&gt;&lt;/td&gt;&lt;/tr&gt;&lt;/table&gt;</tableLong>
        <regular>
          <monday></monday>
          <tuesday></tuesday>
          <wednesday></wednesday>
          <thursday></thursday>
          <friday></friday>
          <saturday></saturday>
          <sunday></sunday>
        </regular>
        <exceptions />
      </openingHours>
    </branch>
    <branch>
      <id>134</id>
      <name>Expresní doručení Ostrava</name>
      <nameStreet>Expresní doručení Ostrava</nameStreet>
      <place></place>
      <street></street>
      <city></city>
      <zip>000 00</zip>
      <country>cz</country>
      <currency>CZK</currency>
      <exportedUntil>2017-10-18</exportedUntil>
      <wheelchairAccessible>no</wheelchairAccessible>
      <latitude>0.00000</latitude>
      <longitude>0.00000</longitude>
      <url>https://www.zasilkovna.cz/pobocky/expresni-doruceni-ostrava</url>
      <dressingRoom>0</dressingRoom>
      <claimAssistant>0</claimAssistant>
      <packetConsignment>0</packetConsignment>
      <maxWeight>5</maxWeight>
      <region>Česká republika</region>
      <district></district>
      <labelRouting>T-***-134</labelRouting>
      <labelName>Expresní doručení Ostrava</labelName>
      <photos>
        <photo>
          <thumbnail>https://www.zasilkovna.cz/images/branch/thumb/stub.jpg</thumbnail>
          <normal>https://www.zasilkovna.cz/images/branch/normal/stub.jpg</normal>
        </photo>
      </photos>
      <openingHours>
        <compactShort></compactShort>
        <compactLong></compactLong>
        <tableLong>&lt;table class='packetery-hours'&gt;&lt;tr&gt;&lt;th&gt;Po&lt;/th&gt;&lt;td&gt;&lt;/td&gt;&lt;/tr&gt;
&lt;tr&gt;&lt;th&gt;Út&lt;/th&gt;&lt;td&gt;&lt;/td&gt;&lt;/tr&gt;
&lt;tr&gt;&lt;th&gt;St&lt;/th&gt;&lt;td&gt;&lt;/td&gt;&lt;/tr&gt;
&lt;tr&gt;&lt;th&gt;Čt&lt;/th&gt;&lt;td&gt;&lt;/td&gt;&lt;/tr&gt;
&lt;tr&gt;&lt;th&gt;Pá&lt;/th&gt;&lt;td&gt;&lt;/td&gt;&lt;/tr&gt;
&lt;tr&gt;&lt;th&gt;So&lt;/th&gt;&lt;td&gt;&lt;/td&gt;&lt;/tr&gt;
&lt;tr&gt;&lt;th&gt;Ne&lt;/th&gt;&lt;td&gt;&lt;/td&gt;&lt;/tr&gt;&lt;/table&gt;</tableLong>
        <regular>
          <monday></monday>
          <tuesday></tuesday>
          <wednesday></wednesday>
          <thursday></thursday>
          <friday></friday>
          <saturday></saturday>
          <sunday></sunday>
        </regular>
        <exceptions />
      </openingHours>
    </branch>
    <branch>
      <id>257</id>
      <name>Expresní doručení Praha</name>
      <nameStreet>Expresní doručení Praha</nameStreet>
      <place></place>
      <street></street>
      <city></city>
      <zip>100 00</zip>
      <country>cz</country>
      <currency>CZK</currency>
      <exportedUntil>2017-10-18</exportedUntil>
      <wheelchairAccessible>no</wheelchairAccessible>
      <latitude>0.00000</latitude>
      <longitude>0.00000</longitude>
      <url>https://www.zasilkovna.cz/pobocky/expresni-doruceni-praha</url>
      <dressingRoom>0</dressingRoom>
      <claimAssistant>0</claimAssistant>
      <packetConsignment>0</packetConsignment>
      <maxWeight>5</maxWeight>
      <region>Česká republika</region>
      <district></district>
      <labelRouting>A-***-257</labelRouting>
      <labelName>Expresní doručení Praha</labelName>
      <photos>
        <photo>
          <thumbnail>https://www.zasilkovna.cz/images/branch/thumb/stub.jpg</thumbnail>
          <normal>https://www.zasilkovna.cz/images/branch/normal/stub.jpg</normal>
        </photo>
      </photos>
      <openingHours>
        <compactShort></compactShort>
        <compactLong></compactLong>
        <tableLong>&lt;table class='packetery-hours'&gt;&lt;tr&gt;&lt;th&gt;Po&lt;/th&gt;&lt;td&gt;&lt;/td&gt;&lt;/tr&gt;
&lt;tr&gt;&lt;th&gt;Út&lt;/th&gt;&lt;td&gt;&lt;/td&gt;&lt;/tr&gt;
&lt;tr&gt;&lt;th&gt;St&lt;/th&gt;&lt;td&gt;&lt;/td&gt;&lt;/tr&gt;
&lt;tr&gt;&lt;th&gt;Čt&lt;/th&gt;&lt;td&gt;&lt;/td&gt;&lt;/tr&gt;
&lt;tr&gt;&lt;th&gt;Pá&lt;/th&gt;&lt;td&gt;&lt;/td&gt;&lt;/tr&gt;
&lt;tr&gt;&lt;th&gt;So&lt;/th&gt;&lt;td&gt;&lt;/td&gt;&lt;/tr&gt;
&lt;tr&gt;&lt;th&gt;Ne&lt;/th&gt;&lt;td&gt;&lt;/td&gt;&lt;/tr&gt;&lt;/table&gt;</tableLong>
        <regular>
          <monday></monday>
          <tuesday></tuesday>
          <wednesday></wednesday>
          <thursday></thursday>
          <friday></friday>
          <saturday></saturday>
          <sunday></sunday>
        </regular>
        <exceptions />
      </openingHours>
    </branch>
    <branch>
      <id>111</id>
      <name>Německá pošta</name>
      <nameStreet>Německá pošta</nameStreet>
      <place>Německá pošta (EUR)</place>
      <street></street>
      <city></city>
      <zip>000 00</zip>
      <country>de</country>
      <currency>EUR</currency>
      <exportedUntil>2017-10-18</exportedUntil>
      <wheelchairAccessible>no</wheelchairAccessible>
      <latitude>0.00000</latitude>
      <longitude>0.00000</longitude>
      <url></url>
      <dressingRoom>0</dressingRoom>
      <claimAssistant>0</claimAssistant>
      <packetConsignment>0</packetConsignment>
      <maxWeight>10</maxWeight>
      <region>Deutschland</region>
      <district></district>
      <labelRouting>A-***-111</labelRouting>
      <labelName>Německá pošta</labelName>
      <photos>
        <photo>
          <thumbnail>https://www.zasielkovna.sk/images/branch/thumb/stub.jpg</thumbnail>
          <normal>https://www.zasielkovna.sk/images/branch/normal/stub.jpg</normal>
        </photo>
      </photos>
      <openingHours>
        <compactShort></compactShort>
        <compactLong></compactLong>
        <tableLong>&lt;table class='packetery-hours'&gt;&lt;tr&gt;&lt;th&gt;Mo&lt;/th&gt;&lt;td&gt;&lt;/td&gt;&lt;/tr&gt;
&lt;tr&gt;&lt;th&gt;Di&lt;/th&gt;&lt;td&gt;&lt;/td&gt;&lt;/tr&gt;
&lt;tr&gt;&lt;th&gt;Mi&lt;/th&gt;&lt;td&gt;&lt;/td&gt;&lt;/tr&gt;
&lt;tr&gt;&lt;th&gt;Do&lt;/th&gt;&lt;td&gt;&lt;/td&gt;&lt;/tr&gt;
&lt;tr&gt;&lt;th&gt;Fr&lt;/th&gt;&lt;td&gt;&lt;/td&gt;&lt;/tr&gt;
&lt;tr&gt;&lt;th&gt;Sa&lt;/th&gt;&lt;td&gt;&lt;/td&gt;&lt;/tr&gt;
&lt;tr&gt;&lt;th&gt;So&lt;/th&gt;&lt;td&gt;&lt;/td&gt;&lt;/tr&gt;&lt;/table&gt;</tableLong>
        <regular>
          <monday></monday>
          <tuesday></tuesday>
          <wednesday></wednesday>
          <thursday></thursday>
          <friday></friday>
          <saturday></saturday>
          <sunday></sunday>
        </regular>
        <exceptions />
      </openingHours>
    </branch>
    <branch>
      <id>763</id>
      <name>Maďarská pošta</name>
      <nameStreet>Maďarská pošta</nameStreet>
      <place></place>
      <street></street>
      <city></city>
      <zip>000 00</zip>
      <country>hu</country>
      <currency>HUF</currency>
      <exportedUntil>2017-10-18</exportedUntil>
      <wheelchairAccessible>no</wheelchairAccessible>
      <latitude>0.00000</latitude>
      <longitude>0.00000</longitude>
      <url>https://www.csomagkuldo.hu/atvevohelyek/madarska-posta</url>
      <dressingRoom>0</dressingRoom>
      <claimAssistant>0</claimAssistant>
      <packetConsignment>0</packetConsignment>
      <maxWeight>30</maxWeight>
      <region>Magyarország</region>
      <district></district>
      <labelRouting>U-***-763</labelRouting>
      <labelName>Maďarská pošta</labelName>
      <photos>
        <photo>
          <thumbnail>https://www.zasielkovna.sk/images/branch/thumb/stub.jpg</thumbnail>
          <normal>https://www.zasielkovna.sk/images/branch/normal/stub.jpg</normal>
        </photo>
      </photos>
      <openingHours>
        <compactShort></compactShort>
        <compactLong></compactLong>
        <tableLong>&lt;table class='packetery-hours'&gt;&lt;tr&gt;&lt;th&gt;H&lt;/th&gt;&lt;td&gt;&lt;/td&gt;&lt;/tr&gt;
&lt;tr&gt;&lt;th&gt;K&lt;/th&gt;&lt;td&gt;&lt;/td&gt;&lt;/tr&gt;
&lt;tr&gt;&lt;th&gt;Sze&lt;/th&gt;&lt;td&gt;&lt;/td&gt;&lt;/tr&gt;
&lt;tr&gt;&lt;th&gt;Cs&lt;/th&gt;&lt;td&gt;&lt;/td&gt;&lt;/tr&gt;
&lt;tr&gt;&lt;th&gt;P&lt;/th&gt;&lt;td&gt;&lt;/td&gt;&lt;/tr&gt;
&lt;tr&gt;&lt;th&gt;Szo&lt;/th&gt;&lt;td&gt;&lt;/td&gt;&lt;/tr&gt;
&lt;tr&gt;&lt;th&gt;V&lt;/th&gt;&lt;td&gt;&lt;/td&gt;&lt;/tr&gt;&lt;/table&gt;</tableLong>
        <regular>
          <monday></monday>
          <tuesday></tuesday>
          <wednesday></wednesday>
          <thursday></thursday>
          <friday></friday>
          <saturday></saturday>
          <sunday></sunday>
        </regular>
        <exceptions />
      </openingHours>
    </branch>
    <branch>
      <id>805</id>
      <name>Maďarsko DPD</name>
      <nameStreet>Maďarsko DPD</nameStreet>
      <place></place>
      <street></street>
      <city></city>
      <zip>000 00</zip>
      <country>hu</country>
      <currency>HUF</currency>
      <exportedUntil>2017-10-18</exportedUntil>
      <wheelchairAccessible>no</wheelchairAccessible>
      <latitude>0.00000</latitude>
      <longitude>0.00000</longitude>
      <url>https://www.csomagkuldo.hu/atvevohelyek/madarsko-dpd</url>
      <dressingRoom>0</dressingRoom>
      <claimAssistant>0</claimAssistant>
      <packetConsignment>0</packetConsignment>
      <maxWeight>30</maxWeight>
      <region>Magyarország</region>
      <district></district>
      <labelRouting>U-***-805</labelRouting>
      <labelName>Maďarsko DPD</labelName>
      <photos>
        <photo>
          <thumbnail>https://www.zasielkovna.sk/images/branch/thumb/stub.jpg</thumbnail>
          <normal>https://www.zasielkovna.sk/images/branch/normal/stub.jpg</normal>
        </photo>
      </photos>
      <openingHours>
        <compactShort></compactShort>
        <compactLong></compactLong>
        <tableLong>&lt;table class='packetery-hours'&gt;&lt;tr&gt;&lt;th&gt;H&lt;/th&gt;&lt;td&gt;&lt;/td&gt;&lt;/tr&gt;
&lt;tr&gt;&lt;th&gt;K&lt;/th&gt;&lt;td&gt;&lt;/td&gt;&lt;/tr&gt;
&lt;tr&gt;&lt;th&gt;Sze&lt;/th&gt;&lt;td&gt;&lt;/td&gt;&lt;/tr&gt;
&lt;tr&gt;&lt;th&gt;Cs&lt;/th&gt;&lt;td&gt;&lt;/td&gt;&lt;/tr&gt;
&lt;tr&gt;&lt;th&gt;P&lt;/th&gt;&lt;td&gt;&lt;/td&gt;&lt;/tr&gt;
&lt;tr&gt;&lt;th&gt;Szo&lt;/th&gt;&lt;td&gt;&lt;/td&gt;&lt;/tr&gt;
&lt;tr&gt;&lt;th&gt;V&lt;/th&gt;&lt;td&gt;&lt;/td&gt;&lt;/tr&gt;&lt;/table&gt;</tableLong>
        <regular>
          <monday></monday>
          <tuesday></tuesday>
          <wednesday></wednesday>
          <thursday></thursday>
          <friday></friday>
          <saturday></saturday>
          <sunday></sunday>
        </regular>
        <exceptions />
      </openingHours>
    </branch>
    <branch>
      <id>151</id>
      <name>Maďarsko Transoflex</name>
      <nameStreet>Maďarsko Transoflex</nameStreet>
      <place></place>
      <street></street>
      <city></city>
      <zip>000 00</zip>
      <country>hu</country>
      <currency>HUF</currency>
      <exportedUntil>2017-10-18</exportedUntil>
      <wheelchairAccessible>no</wheelchairAccessible>
      <latitude>0.00000</latitude>
      <longitude>0.00000</longitude>
      <url>https://www.csomagkuldo.hu/atvevohelyek/madarsko-transoflex</url>
      <dressingRoom>0</dressingRoom>
      <claimAssistant>0</claimAssistant>
      <packetConsignment>0</packetConsignment>
      <maxWeight>30</maxWeight>
      <region>Magyarország</region>
      <district></district>
      <labelRouting>U-***-151</labelRouting>
      <labelName>Maďarsko Transoflex</labelName>
      <photos>
        <photo>
          <thumbnail>https://www.zasielkovna.sk/images/branch/thumb/stub.jpg</thumbnail>
          <normal>https://www.zasielkovna.sk/images/branch/normal/stub.jpg</normal>
        </photo>
      </photos>
      <openingHours>
        <compactShort></compactShort>
        <compactLong></compactLong>
        <tableLong>&lt;table class='packetery-hours'&gt;&lt;tr&gt;&lt;th&gt;H&lt;/th&gt;&lt;td&gt;&lt;/td&gt;&lt;/tr&gt;
&lt;tr&gt;&lt;th&gt;K&lt;/th&gt;&lt;td&gt;&lt;/td&gt;&lt;/tr&gt;
&lt;tr&gt;&lt;th&gt;Sze&lt;/th&gt;&lt;td&gt;&lt;/td&gt;&lt;/tr&gt;
&lt;tr&gt;&lt;th&gt;Cs&lt;/th&gt;&lt;td&gt;&lt;/td&gt;&lt;/tr&gt;
&lt;tr&gt;&lt;th&gt;P&lt;/th&gt;&lt;td&gt;&lt;/td&gt;&lt;/tr&gt;
&lt;tr&gt;&lt;th&gt;Szo&lt;/th&gt;&lt;td&gt;&lt;/td&gt;&lt;/tr&gt;
&lt;tr&gt;&lt;th&gt;V&lt;/th&gt;&lt;td&gt;&lt;/td&gt;&lt;/tr&gt;&lt;/table&gt;</tableLong>
        <regular>
          <monday></monday>
          <tuesday></tuesday>
          <wednesday></wednesday>
          <thursday></thursday>
          <friday></friday>
          <saturday></saturday>
          <sunday></sunday>
        </regular>
        <exceptions />
      </openingHours>
    </branch>
    <branch>
      <id>272</id>
      <name>Polská pošta</name>
      <nameStreet>Polská pošta</nameStreet>
      <place></place>
      <street></street>
      <city></city>
      <zip>000 00</zip>
      <country>pl</country>
      <currency>PLN</currency>
      <exportedUntil>2017-10-18</exportedUntil>
      <wheelchairAccessible>no</wheelchairAccessible>
      <latitude>0.00000</latitude>
      <longitude>0.00000</longitude>
      <url></url>
      <dressingRoom>0</dressingRoom>
      <claimAssistant>0</claimAssistant>
      <packetConsignment>0</packetConsignment>
      <maxWeight>5</maxWeight>
      <region>Polska</region>
      <district></district>
      <labelRouting>S-***-272</labelRouting>
      <labelName>Polská pošta</labelName>
      <photos>
        <photo>
          <thumbnail>https://www.zasielkovna.sk/images/branch/thumb/stub.jpg</thumbnail>
          <normal>https://www.zasielkovna.sk/images/branch/normal/stub.jpg</normal>
        </photo>
      </photos>
      <openingHours>
        <compactShort></compactShort>
        <compactLong></compactLong>
        <tableLong>&lt;table class='packetery-hours'&gt;&lt;tr&gt;&lt;th&gt;pon&lt;/th&gt;&lt;td&gt;&lt;/td&gt;&lt;/tr&gt;
&lt;tr&gt;&lt;th&gt;wt&lt;/th&gt;&lt;td&gt;&lt;/td&gt;&lt;/tr&gt;
&lt;tr&gt;&lt;th&gt;śr&lt;/th&gt;&lt;td&gt;&lt;/td&gt;&lt;/tr&gt;
&lt;tr&gt;&lt;th&gt;czw&lt;/th&gt;&lt;td&gt;&lt;/td&gt;&lt;/tr&gt;
&lt;tr&gt;&lt;th&gt;pt&lt;/th&gt;&lt;td&gt;&lt;/td&gt;&lt;/tr&gt;
&lt;tr&gt;&lt;th&gt;sob&lt;/th&gt;&lt;td&gt;&lt;/td&gt;&lt;/tr&gt;
&lt;tr&gt;&lt;th&gt;niedz&lt;/th&gt;&lt;td&gt;&lt;/td&gt;&lt;/tr&gt;&lt;/table&gt;</tableLong>
        <regular>
          <monday></monday>
          <tuesday></tuesday>
          <wednesday></wednesday>
          <thursday></thursday>
          <friday></friday>
          <saturday></saturday>
          <sunday></sunday>
        </regular>
        <exceptions />
      </openingHours>
    </branch>
    <branch>
      <id>1438</id>
      <name>Polská pošta 24h</name>
      <nameStreet>Polská pošta 24h</nameStreet>
      <place></place>
      <street></street>
      <city></city>
      <zip>000 00</zip>
      <country>pl</country>
      <currency>PLN</currency>
      <exportedUntil>2017-10-18</exportedUntil>
      <wheelchairAccessible>no</wheelchairAccessible>
      <latitude>0.00000</latitude>
      <longitude>0.00000</longitude>
      <url></url>
      <dressingRoom>0</dressingRoom>
      <claimAssistant>0</claimAssistant>
      <packetConsignment>0</packetConsignment>
      <maxWeight>5</maxWeight>
      <region>Polska</region>
      <district></district>
      <labelRouting>S-***-1438</labelRouting>
      <labelName>Polská pošta 24h</labelName>
      <photos>
        <photo>
          <thumbnail>https://www.zasielkovna.sk/images/branch/thumb/stub.jpg</thumbnail>
          <normal>https://www.zasielkovna.sk/images/branch/normal/stub.jpg</normal>
        </photo>
      </photos>
      <openingHours>
        <compactShort></compactShort>
        <compactLong></compactLong>
        <tableLong>&lt;table class='packetery-hours'&gt;&lt;tr&gt;&lt;th&gt;pon&lt;/th&gt;&lt;td&gt;&lt;/td&gt;&lt;/tr&gt;
&lt;tr&gt;&lt;th&gt;wt&lt;/th&gt;&lt;td&gt;&lt;/td&gt;&lt;/tr&gt;
&lt;tr&gt;&lt;th&gt;śr&lt;/th&gt;&lt;td&gt;&lt;/td&gt;&lt;/tr&gt;
&lt;tr&gt;&lt;th&gt;czw&lt;/th&gt;&lt;td&gt;&lt;/td&gt;&lt;/tr&gt;
&lt;tr&gt;&lt;th&gt;pt&lt;/th&gt;&lt;td&gt;&lt;/td&gt;&lt;/tr&gt;
&lt;tr&gt;&lt;th&gt;sob&lt;/th&gt;&lt;td&gt;&lt;/td&gt;&lt;/tr&gt;
&lt;tr&gt;&lt;th&gt;niedz&lt;/th&gt;&lt;td&gt;&lt;/td&gt;&lt;/tr&gt;&lt;/table&gt;</tableLong>
        <regular>
          <monday></monday>
          <tuesday></tuesday>
          <wednesday></wednesday>
          <thursday></thursday>
          <friday></friday>
          <saturday></saturday>
          <sunday></sunday>
        </regular>
        <exceptions />
      </openingHours>
    </branch>
    <branch>
      <id>1406</id>
      <name>Polsko DPD</name>
      <nameStreet>Polsko DPD</nameStreet>
      <place></place>
      <street></street>
      <city></city>
      <zip>000 00</zip>
      <country>pl</country>
      <currency>PLN</currency>
      <exportedUntil>2017-10-18</exportedUntil>
      <wheelchairAccessible>no</wheelchairAccessible>
      <latitude>0.00000</latitude>
      <longitude>0.00000</longitude>
      <url></url>
      <dressingRoom>0</dressingRoom>
      <claimAssistant>0</claimAssistant>
      <packetConsignment>0</packetConsignment>
      <maxWeight>5</maxWeight>
      <region>Polska</region>
      <district></district>
      <labelRouting>B-***-1406</labelRouting>
      <labelName>Polsko DPD</labelName>
      <photos>
        <photo>
          <thumbnail>https://www.zasielkovna.sk/images/branch/thumb/stub.jpg</thumbnail>
          <normal>https://www.zasielkovna.sk/images/branch/normal/stub.jpg</normal>
        </photo>
      </photos>
      <openingHours>
        <compactShort></compactShort>
        <compactLong></compactLong>
        <tableLong>&lt;table class='packetery-hours'&gt;&lt;tr&gt;&lt;th&gt;pon&lt;/th&gt;&lt;td&gt;&lt;/td&gt;&lt;/tr&gt;
&lt;tr&gt;&lt;th&gt;wt&lt;/th&gt;&lt;td&gt;&lt;/td&gt;&lt;/tr&gt;
&lt;tr&gt;&lt;th&gt;śr&lt;/th&gt;&lt;td&gt;&lt;/td&gt;&lt;/tr&gt;
&lt;tr&gt;&lt;th&gt;czw&lt;/th&gt;&lt;td&gt;&lt;/td&gt;&lt;/tr&gt;
&lt;tr&gt;&lt;th&gt;pt&lt;/th&gt;&lt;td&gt;&lt;/td&gt;&lt;/tr&gt;
&lt;tr&gt;&lt;th&gt;sob&lt;/th&gt;&lt;td&gt;&lt;/td&gt;&lt;/tr&gt;
&lt;tr&gt;&lt;th&gt;niedz&lt;/th&gt;&lt;td&gt;&lt;/td&gt;&lt;/tr&gt;&lt;/table&gt;</tableLong>
        <regular>
          <monday></monday>
          <tuesday></tuesday>
          <wednesday></wednesday>
          <thursday></thursday>
          <friday></friday>
          <saturday></saturday>
          <sunday></sunday>
        </regular>
        <exceptions />
      </openingHours>
    </branch>
    <branch>
      <id>836</id>
      <name>Rumunsko DPD</name>
      <nameStreet>Rumunsko DPD</nameStreet>
      <place></place>
      <street></street>
      <city></city>
      <zip>000 00</zip>
      <country>ro</country>
      <currency>RON</currency>
      <exportedUntil>2017-10-18</exportedUntil>
      <wheelchairAccessible>no</wheelchairAccessible>
      <latitude>0.00000</latitude>
      <longitude>0.00000</longitude>
      <url></url>
      <dressingRoom>0</dressingRoom>
      <claimAssistant>0</claimAssistant>
      <packetConsignment>0</packetConsignment>
      <maxWeight>5</maxWeight>
      <region>România</region>
      <district></district>
      <labelRouting>U-***-836</labelRouting>
      <labelName>Rumunsko DPD</labelName>
      <photos>
        <photo>
          <thumbnail>https://www.zasielkovna.sk/images/branch/thumb/stub.jpg</thumbnail>
          <normal>https://www.zasielkovna.sk/images/branch/normal/stub.jpg</normal>
        </photo>
      </photos>
      <openingHours>
        <compactShort></compactShort>
        <compactLong></compactLong>
        <tableLong>&lt;table class='packetery-hours'&gt;&lt;tr&gt;&lt;th&gt;lun&lt;/th&gt;&lt;td&gt;&lt;/td&gt;&lt;/tr&gt;
&lt;tr&gt;&lt;th&gt;mar&lt;/th&gt;&lt;td&gt;&lt;/td&gt;&lt;/tr&gt;
&lt;tr&gt;&lt;th&gt;mie&lt;/th&gt;&lt;td&gt;&lt;/td&gt;&lt;/tr&gt;
&lt;tr&gt;&lt;th&gt;joi&lt;/th&gt;&lt;td&gt;&lt;/td&gt;&lt;/tr&gt;
&lt;tr&gt;&lt;th&gt;vin&lt;/th&gt;&lt;td&gt;&lt;/td&gt;&lt;/tr&gt;
&lt;tr&gt;&lt;th&gt;sâm&lt;/th&gt;&lt;td&gt;&lt;/td&gt;&lt;/tr&gt;
&lt;tr&gt;&lt;th&gt;dum&lt;/th&gt;&lt;td&gt;&lt;/td&gt;&lt;/tr&gt;&lt;/table&gt;</tableLong>
        <regular>
          <monday></monday>
          <tuesday></tuesday>
          <wednesday></wednesday>
          <thursday></thursday>
          <friday></friday>
          <saturday></saturday>
          <sunday></sunday>
        </regular>
        <exceptions />
      </openingHours>
    </branch>
    <branch>
      <id>762</id>
      <name>Rumunsko FAN</name>
      <nameStreet>Rumunsko FAN</nameStreet>
      <place></place>
      <street></street>
      <city></city>
      <zip>000 00</zip>
      <country>ro</country>
      <currency>RON</currency>
      <exportedUntil>2017-10-18</exportedUntil>
      <wheelchairAccessible>no</wheelchairAccessible>
      <latitude>0.00000</latitude>
      <longitude>0.00000</longitude>
      <url></url>
      <dressingRoom>0</dressingRoom>
      <claimAssistant>0</claimAssistant>
      <packetConsignment>0</packetConsignment>
      <maxWeight>5</maxWeight>
      <region>România</region>
      <district></district>
      <labelRouting>U-***-762</labelRouting>
      <labelName>Rumunsko FAN</labelName>
      <photos>
        <photo>
          <thumbnail>https://www.zasielkovna.sk/images/branch/thumb/stub.jpg</thumbnail>
          <normal>https://www.zasielkovna.sk/images/branch/normal/stub.jpg</normal>
        </photo>
      </photos>
      <openingHours>
        <compactShort></compactShort>
        <compactLong></compactLong>
        <tableLong>&lt;table class='packetery-hours'&gt;&lt;tr&gt;&lt;th&gt;lun&lt;/th&gt;&lt;td&gt;&lt;/td&gt;&lt;/tr&gt;
&lt;tr&gt;&lt;th&gt;mar&lt;/th&gt;&lt;td&gt;&lt;/td&gt;&lt;/tr&gt;
&lt;tr&gt;&lt;th&gt;mie&lt;/th&gt;&lt;td&gt;&lt;/td&gt;&lt;/tr&gt;
&lt;tr&gt;&lt;th&gt;joi&lt;/th&gt;&lt;td&gt;&lt;/td&gt;&lt;/tr&gt;
&lt;tr&gt;&lt;th&gt;vin&lt;/th&gt;&lt;td&gt;&lt;/td&gt;&lt;/tr&gt;
&lt;tr&gt;&lt;th&gt;sâm&lt;/th&gt;&lt;td&gt;&lt;/td&gt;&lt;/tr&gt;
&lt;tr&gt;&lt;th&gt;dum&lt;/th&gt;&lt;td&gt;&lt;/td&gt;&lt;/tr&gt;&lt;/table&gt;</tableLong>
        <regular>
          <monday></monday>
          <tuesday></tuesday>
          <wednesday></wednesday>
          <thursday></thursday>
          <friday></friday>
          <saturday></saturday>
          <sunday></sunday>
        </regular>
        <exceptions />
      </openingHours>
    </branch>
    <branch>
      <id>131</id>
      <name>Doručenie na adresu SR</name>
      <nameStreet>Doručenie na adresu SR</nameStreet>
      <place></place>
      <street></street>
      <city></city>
      <zip>000 00</zip>
      <country>sk</country>
      <currency>EUR</currency>
      <exportedUntil>2017-10-18</exportedUntil>
      <wheelchairAccessible>no</wheelchairAccessible>
      <latitude>0.00000</latitude>
      <longitude>0.00000</longitude>
      <url>https://www.zasielkovna.sk/pobocky/dorucenie-na-adresu-sr</url>
      <dressingRoom>0</dressingRoom>
      <claimAssistant>0</claimAssistant>
      <packetConsignment>0</packetConsignment>
      <maxWeight>5</maxWeight>
      <region>Slovenská republika</region>
      <district></district>
      <labelRouting>X-***-131</labelRouting>
      <labelName>Doručenie na adresu SR</labelName>
      <photos>
        <photo>
          <thumbnail>https://www.zasielkovna.sk/images/branch/thumb/stub.jpg</thumbnail>
          <normal>https://www.zasielkovna.sk/images/branch/normal/stub.jpg</normal>
        </photo>
      </photos>
      <openingHours>
        <compactShort></compactShort>
        <compactLong></compactLong>
        <tableLong>&lt;table class='packetery-hours'&gt;&lt;tr&gt;&lt;th&gt;po&lt;/th&gt;&lt;td&gt;&lt;/td&gt;&lt;/tr&gt;
&lt;tr&gt;&lt;th&gt;ut&lt;/th&gt;&lt;td&gt;&lt;/td&gt;&lt;/tr&gt;
&lt;tr&gt;&lt;th&gt;st&lt;/th&gt;&lt;td&gt;&lt;/td&gt;&lt;/tr&gt;
&lt;tr&gt;&lt;th&gt;št&lt;/th&gt;&lt;td&gt;&lt;/td&gt;&lt;/tr&gt;
&lt;tr&gt;&lt;th&gt;pi&lt;/th&gt;&lt;td&gt;&lt;/td&gt;&lt;/tr&gt;
&lt;tr&gt;&lt;th&gt;so&lt;/th&gt;&lt;td&gt;&lt;/td&gt;&lt;/tr&gt;
&lt;tr&gt;&lt;th&gt;ne&lt;/th&gt;&lt;td&gt;&lt;/td&gt;&lt;/tr&gt;&lt;/table&gt;</tableLong>
        <regular>
          <monday></monday>
          <tuesday></tuesday>
          <wednesday></wednesday>
          <thursday></thursday>
          <friday></friday>
          <saturday></saturday>
          <sunday></sunday>
        </regular>
        <exceptions />
      </openingHours>
    </branch>
    <branch>
      <id>132</id>
      <name>Expresné doručenie Bratislava</name>
      <nameStreet>Expresné doručenie Bratislava</nameStreet>
      <place></place>
      <street></street>
      <city></city>
      <zip>000 00</zip>
      <country>sk</country>
      <currency>EUR</currency>
      <exportedUntil>2017-10-18</exportedUntil>
      <wheelchairAccessible>no</wheelchairAccessible>
      <latitude>0.00000</latitude>
      <longitude>0.00000</longitude>
      <url>https://www.zasielkovna.sk/pobocky/expresne-dorucenie-bratislava</url>
      <dressingRoom>0</dressingRoom>
      <claimAssistant>0</claimAssistant>
      <packetConsignment>0</packetConsignment>
      <maxWeight>5</maxWeight>
      <region>Slovenská republika</region>
      <district></district>
      <labelRouting>X-***-132</labelRouting>
      <labelName>Expresné doručenie Bratislava</labelName>
      <photos>
        <photo>
          <thumbnail>https://www.zasielkovna.sk/images/branch/thumb/stub.jpg</thumbnail>
          <normal>https://www.zasielkovna.sk/images/branch/normal/stub.jpg</normal>
        </photo>
      </photos>
      <openingHours>
        <compactShort></compactShort>
        <compactLong></compactLong>
        <tableLong>&lt;table class='packetery-hours'&gt;&lt;tr&gt;&lt;th&gt;po&lt;/th&gt;&lt;td&gt;&lt;/td&gt;&lt;/tr&gt;
&lt;tr&gt;&lt;th&gt;ut&lt;/th&gt;&lt;td&gt;&lt;/td&gt;&lt;/tr&gt;
&lt;tr&gt;&lt;th&gt;st&lt;/th&gt;&lt;td&gt;&lt;/td&gt;&lt;/tr&gt;
&lt;tr&gt;&lt;th&gt;št&lt;/th&gt;&lt;td&gt;&lt;/td&gt;&lt;/tr&gt;
&lt;tr&gt;&lt;th&gt;pi&lt;/th&gt;&lt;td&gt;&lt;/td&gt;&lt;/tr&gt;
&lt;tr&gt;&lt;th&gt;so&lt;/th&gt;&lt;td&gt;&lt;/td&gt;&lt;/tr&gt;
&lt;tr&gt;&lt;th&gt;ne&lt;/th&gt;&lt;td&gt;&lt;/td&gt;&lt;/tr&gt;&lt;/table&gt;</tableLong>
        <regular>
          <monday></monday>
          <tuesday></tuesday>
          <wednesday></wednesday>
          <thursday></thursday>
          <friday></friday>
          <saturday></saturday>
          <sunday></sunday>
        </regular>
        <exceptions />
      </openingHours>
    </branch>
    <branch>
      <id>16</id>
      <name>Slovenská pošta</name>
      <nameStreet>Slovenská pošta</nameStreet>
      <place></place>
      <street></street>
      <city></city>
      <zip>000 00</zip>
      <country>sk</country>
      <currency>EUR</currency>
      <exportedUntil>2017-10-18</exportedUntil>
      <wheelchairAccessible>no</wheelchairAccessible>
      <latitude>0.00000</latitude>
      <longitude>0.00000</longitude>
      <url>https://www.zasielkovna.sk/pobocky/slovenska-posta</url>
      <dressingRoom>0</dressingRoom>
      <claimAssistant>0</claimAssistant>
      <packetConsignment>0</packetConsignment>
      <maxWeight>5</maxWeight>
      <region>Slovenská republika</region>
      <district></district>
      <labelRouting>X-***-016</labelRouting>
      <labelName>Slovenská pošta</labelName>
      <photos>
        <photo>
          <thumbnail>https://www.zasielkovna.sk/images/branch/thumb/stub.jpg</thumbnail>
          <normal>https://www.zasielkovna.sk/images/branch/normal/stub.jpg</normal>
        </photo>
      </photos>
      <openingHours>
        <compactShort></compactShort>
        <compactLong></compactLong>
        <tableLong>&lt;table class='packetery-hours'&gt;&lt;tr&gt;&lt;th&gt;po&lt;/th&gt;&lt;td&gt;&lt;/td&gt;&lt;/tr&gt;
&lt;tr&gt;&lt;th&gt;ut&lt;/th&gt;&lt;td&gt;&lt;/td&gt;&lt;/tr&gt;
&lt;tr&gt;&lt;th&gt;st&lt;/th&gt;&lt;td&gt;&lt;/td&gt;&lt;/tr&gt;
&lt;tr&gt;&lt;th&gt;št&lt;/th&gt;&lt;td&gt;&lt;/td&gt;&lt;/tr&gt;
&lt;tr&gt;&lt;th&gt;pi&lt;/th&gt;&lt;td&gt;&lt;/td&gt;&lt;/tr&gt;
&lt;tr&gt;&lt;th&gt;so&lt;/th&gt;&lt;td&gt;&lt;/td&gt;&lt;/tr&gt;
&lt;tr&gt;&lt;th&gt;ne&lt;/th&gt;&lt;td&gt;&lt;/td&gt;&lt;/tr&gt;&lt;/table&gt;</tableLong>
        <regular>
          <monday></monday>
          <tuesday></tuesday>
          <wednesday></wednesday>
          <thursday></thursday>
          <friday></friday>
          <saturday></saturday>
          <sunday></sunday>
        </regular>
        <exceptions />
      </openingHours>
    </branch>
    <branch>
      <id>149</id>
      <name>Slovensko kurýr</name>
      <nameStreet>Slovensko kurýr</nameStreet>
      <place></place>
      <street></street>
      <city></city>
      <zip>000 00</zip>
      <country>sk</country>
      <currency>EUR</currency>
      <exportedUntil>2017-10-18</exportedUntil>
      <wheelchairAccessible>no</wheelchairAccessible>
      <latitude>0.00000</latitude>
      <longitude>0.00000</longitude>
      <url>https://www.zasielkovna.sk/pobocky/slovensko-kuryr</url>
      <dressingRoom>0</dressingRoom>
      <claimAssistant>0</claimAssistant>
      <packetConsignment>0</packetConsignment>
      <maxWeight>5</maxWeight>
      <region>Slovenská republika</region>
      <district></district>
      <labelRouting>X-***-149</labelRouting>
      <labelName>Slovensko kurýr</labelName>
      <photos>
        <photo>
          <thumbnail>https://www.zasielkovna.sk/images/branch/thumb/stub.jpg</thumbnail>
          <normal>https://www.zasielkovna.sk/images/branch/normal/stub.jpg</normal>
        </photo>
      </photos>
      <openingHours>
        <compactShort></compactShort>
        <compactLong></compactLong>
        <tableLong>&lt;table class='packetery-hours'&gt;&lt;tr&gt;&lt;th&gt;po&lt;/th&gt;&lt;td&gt;&lt;/td&gt;&lt;/tr&gt;
&lt;tr&gt;&lt;th&gt;ut&lt;/th&gt;&lt;td&gt;&lt;/td&gt;&lt;/tr&gt;
&lt;tr&gt;&lt;th&gt;st&lt;/th&gt;&lt;td&gt;&lt;/td&gt;&lt;/tr&gt;
&lt;tr&gt;&lt;th&gt;št&lt;/th&gt;&lt;td&gt;&lt;/td&gt;&lt;/tr&gt;
&lt;tr&gt;&lt;th&gt;pi&lt;/th&gt;&lt;td&gt;&lt;/td&gt;&lt;/tr&gt;
&lt;tr&gt;&lt;th&gt;so&lt;/th&gt;&lt;td&gt;&lt;/td&gt;&lt;/tr&gt;
&lt;tr&gt;&lt;th&gt;ne&lt;/th&gt;&lt;td&gt;&lt;/td&gt;&lt;/tr&gt;&lt;/table&gt;</tableLong>
        <regular>
          <monday></monday>
          <tuesday></tuesday>
          <wednesday></wednesday>
          <thursday></thursday>
          <friday></friday>
          <saturday></saturday>
          <sunday></sunday>
        </regular>
        <exceptions />
      </openingHours>
    </branch>
    <branch>
      <id>1120</id>
      <name>Spojené království Royal Mail</name>
      <nameStreet>Spojené království Royal Mail</nameStreet>
      <place></place>
      <street></street>
      <city></city>
      <zip>000 00</zip>
      <country>uk</country>
      <currency>GBP</currency>
      <exportedUntil>2017-10-18</exportedUntil>
      <wheelchairAccessible>no</wheelchairAccessible>
      <latitude>0.00000</latitude>
      <longitude>0.00000</longitude>
      <url></url>
      <dressingRoom>0</dressingRoom>
      <claimAssistant>0</claimAssistant>
      <packetConsignment>0</packetConsignment>
      <maxWeight>5</maxWeight>
      <region>United Kingdom</region>
      <district></district>
      <labelRouting>A-***-1120</labelRouting>
      <labelName>Spojené království Royal Mail</labelName>
      <photos>
        <photo>
          <thumbnail>https://www.zasielkovna.sk/images/branch/thumb/stub.jpg</thumbnail>
          <normal>https://www.zasielkovna.sk/images/branch/normal/stub.jpg</normal>
        </photo>
      </photos>
      <openingHours>
        <compactShort></compactShort>
        <compactLong></compactLong>
        <tableLong>&lt;table class='packetery-hours'&gt;&lt;tr&gt;&lt;th&gt;Mon&lt;/th&gt;&lt;td&gt;&lt;/td&gt;&lt;/tr&gt;
&lt;tr&gt;&lt;th&gt;Tue&lt;/th&gt;&lt;td&gt;&lt;/td&gt;&lt;/tr&gt;
&lt;tr&gt;&lt;th&gt;Wed&lt;/th&gt;&lt;td&gt;&lt;/td&gt;&lt;/tr&gt;
&lt;tr&gt;&lt;th&gt;Thu&lt;/th&gt;&lt;td&gt;&lt;/td&gt;&lt;/tr&gt;
&lt;tr&gt;&lt;th&gt;Fri&lt;/th&gt;&lt;td&gt;&lt;/td&gt;&lt;/tr&gt;
&lt;tr&gt;&lt;th&gt;Sat&lt;/th&gt;&lt;td&gt;&lt;/td&gt;&lt;/tr&gt;
&lt;tr&gt;&lt;th&gt;Sun&lt;/th&gt;&lt;td&gt;&lt;/td&gt;&lt;/tr&gt;&lt;/table&gt;</tableLong>
        <regular>
          <monday></monday>
          <tuesday></tuesday>
          <wednesday></wednesday>
          <thursday></thursday>
          <friday></friday>
          <saturday></saturday>
          <sunday></sunday>
        </regular>
        <exceptions />
      </openingHours>
    </branch>
    </branches>
</export>
